{
  "model": "google/gemma-3-1b-pt",
  "n_params_b": 1.0,
  "n_layers": 26,
  "hidden_dim": 1152,
  "provenance": {
    "model_revision": "fcf18a2a879aab110ca39f8bffbccd5d49d8eb29",
    "script": "scripts/run_model.py",
    "timestamp": "2026-05-04T02:50:41+00:00",
    "value_source": "runtime",
    "device": "cuda"
  },
  "protocol": {
    "layer_select_seed": 42,
    "eval_seeds": [
      43,
      44,
      45,
      46,
      47,
      48,
      49
    ],
    "target_ex_per_dim": 350,
    "batch_size": 48,
    "layers_per_pass": 1
  },
  "peak_layer_final": 11,
  "peak_layer_frac": 0.42,
  "layer_profile": {
    "0": 0.16731317268528714,
    "1": 0.15327644972343296,
    "2": 0.18568793510600473,
    "3": 0.1861921130745756,
    "4": 0.1865617066061364,
    "5": 0.20560870322668148,
    "6": 0.19870897552536335,
    "7": 0.21613544121508202,
    "8": 0.20290862380269847,
    "9": 0.2238002403658833,
    "10": 0.20625780297578689,
    "11": 0.21112478749851396,
    "12": 0.20975355210336885,
    "13": 0.19992737779914305,
    "14": 0.18870634289747082,
    "15": 0.1754504227743113,
    "16": 0.14330519787737203,
    "17": 0.1741389202470383,
    "18": 0.12694583663734446,
    "19": 0.1373546405530617,
    "20": 0.1141508068432444,
    "21": 0.11443041989208189,
    "22": 0.10722884042317384,
    "23": 0.10614076922019826,
    "24": 0.12557538997542333,
    "25": 0.07535467191280476
  },
  "multi_layer_eval": {
    "7": {
      "mean": 0.2108700255673651,
      "std": 0.005684894974347387,
      "per_seed": [
        0.2154030205453733,
        0.20824000971134346,
        0.2035376523056,
        0.2060619815309282,
        0.21033260972440498,
        0.22189405832643758,
        0.21062084682746834
      ],
      "seed_agreement": 0.8684397351977348
    },
    "9": {
      "mean": 0.21432174657859673,
      "std": 0.010809442618477372,
      "per_seed": [
        0.22359763023440973,
        0.2203231420084857,
        0.20908105713834188,
        0.20345016784559183,
        0.2061936088762905,
        0.23370227117830156,
        0.203904348768756
      ],
      "seed_agreement": 0.8225620254135431
    },
    "11": {
      "mean": 0.2158117949426375,
      "std": 0.011473437693551962,
      "per_seed": [
        0.20647442975379074,
        0.20445735102609702,
        0.22446879426789643,
        0.22432587473573928,
        0.23519770656857666,
        0.21318344141065132,
        0.20257496683571108
      ],
      "seed_agreement": 0.7835681381031202
    },
    "12": {
      "mean": 0.21201804467727978,
      "std": 0.007530660491776594,
      "per_seed": [
        0.22908178425578707,
        0.2071317987179652,
        0.2084430721160842,
        0.21338314571537428,
        0.21346447271929922,
        0.20614827732285335,
        0.20647376189359518
      ],
      "seed_agreement": 0.7818047409501544
    }
  },
  "partial_corr": {
    "mean": 0.2158117949426375,
    "std": 0.011473437693551962,
    "per_seed": [
      0.20647442975379074,
      0.20445735102609702,
      0.22446879426789643,
      0.22432587473573928,
      0.23519770656857666,
      0.21318344141065132,
      0.20257496683571108
    ],
    "n_seeds": 7,
    "split": "validation (held-out seeds)"
  },
  "test_split_comparison": {
    "mean": 0.21549581088298864,
    "per_seed": [
      0.20800372170957465,
      0.20962679858797817,
      0.2288569123514131
    ]
  },
  "seed_agreement": {
    "mean": 0.7835681381031202
  },
  "output_controlled": {
    "mean": 0.16125378431748086,
    "per_seed": [
      0.14654931435252663,
      0.16472701706784995,
      0.17248502153206596
    ]
  },
  "baselines": {
    "ff_goodness": 0.0004358977777886382,
    "active_ratio": -0.0032273575993205525,
    "act_entropy": -0.08251643555769189,
    "activation_norm": -0.022860409327475992,
    "random_head": -0.003832169519911546
  },
  "cross_domain": {
    "wikitext": 0.21180019168259476,
    "c4": 0.15142963617533156,
    "c4_within": 0.04745966099653154
  },
  "control_sensitivity": {
    "none": 0.4653017117646952,
    "softmax_only": 0.2055347884108214,
    "norm_only": 0.4649292841267706,
    "standard": 0.20647442975379074,
    "plus_entropy": 0.08096558959720491,
    "nonlinear": 0.41154231750008663
  },
  "flagging_6a": {
    "n_tokens": 192735,
    "summary": {
      "0.05": {
        "observer_exclusive": 6260.0
      },
      "0.1": {
        "observer_exclusive": 9992.666666666666
      },
      "0.2": {
        "observer_exclusive": 13766.666666666666
      },
      "0.3": {
        "observer_exclusive": 14529.666666666666
      }
    }
  }
}