{
  "model": "openai-community/gpt2-large",
  "n_params_b": 0.77,
  "n_layers": 36,
  "hidden_dim": 1280,
  "provenance": {
    "model_revision": "32b71b12589c2f8d625668d2335a01cac3249519",
    "script": "scripts/run_model.py",
    "timestamp": "2026-05-04T16:49:58+00:00",
    "value_source": "runtime",
    "device": "cuda"
  },
  "protocol": {
    "layer_select_seed": 42,
    "eval_seeds": [
      43,
      44,
      45,
      46,
      47,
      48,
      49
    ],
    "target_ex_per_dim": 350,
    "batch_size": 48,
    "layers_per_pass": 1
  },
  "peak_layer_final": 25,
  "peak_layer_frac": 0.69,
  "layer_profile": {
    "0": 0.1677855238113719,
    "1": 0.1880948608108626,
    "2": 0.18059918005436376,
    "3": 0.18566556803768072,
    "4": 0.19177074081402154,
    "5": 0.19165091520238214,
    "6": 0.1957018104347869,
    "7": 0.2008637438716227,
    "8": 0.20636328679663687,
    "9": 0.21218640995123839,
    "10": 0.21620462660165587,
    "11": 0.2289738609565276,
    "12": 0.2363259464808485,
    "13": 0.2419301552165464,
    "14": 0.2453081435478248,
    "15": 0.2503142551827409,
    "16": 0.25675169481442034,
    "17": 0.2611655616294008,
    "18": 0.26544097828159713,
    "19": 0.26939304338792985,
    "20": 0.2736708620997804,
    "21": 0.2803812408962541,
    "22": 0.2827757780951661,
    "23": 0.28734505456836434,
    "24": 0.2930864192453901,
    "25": 0.295125527268869,
    "26": 0.29399338048773627,
    "27": 0.292418425393829,
    "28": 0.2883929240050421,
    "29": 0.28894028879995726,
    "30": 0.2890619115596108,
    "31": 0.2847881329903367,
    "32": 0.2822736543702023,
    "33": 0.28568113364703823,
    "34": 0.28863283001673035,
    "35": 0.27446812152395855
  },
  "multi_layer_eval": {
    "24": {
      "mean": 0.2894701873159508,
      "std": 0.004716844969513907,
      "per_seed": [
        0.29365832429615124,
        0.28118170898788564,
        0.2952573709436158,
        0.2911710278654428,
        0.2926158544597895,
        0.28717282014288714,
        0.2852342045158836
      ],
      "seed_agreement": 0.9447217337619749
    },
    "25": {
      "mean": 0.2912983791915656,
      "std": 0.004317418863731684,
      "per_seed": [
        0.29576668480244694,
        0.2846254311617633,
        0.2968168227582102,
        0.2926163628146659,
        0.29392787361265943,
        0.28817720999838575,
        0.287158269192828
      ],
      "seed_agreement": 0.9426851281951752
    },
    "26": {
      "mean": 0.29044086085698284,
      "std": 0.0042820675072422175,
      "per_seed": [
        0.2944089373866706,
        0.2856901063627077,
        0.2973113547598692,
        0.29151900287004473,
        0.29204440938660925,
        0.2866252511963047,
        0.28548696403667384
      ],
      "seed_agreement": 0.9394470505102969
    },
    "27": {
      "mean": 0.289186515435978,
      "std": 0.00441798104060182,
      "per_seed": [
        0.2935368881592515,
        0.2867955080127002,
        0.29686288765813296,
        0.2895629579087874,
        0.2894239347636049,
        0.2844711821920659,
        0.28365224935730343
      ],
      "seed_agreement": 0.9372767802298496
    }
  },
  "partial_corr": {
    "mean": 0.2912983791915656,
    "std": 0.004317418863731684,
    "per_seed": [
      0.29576668480244694,
      0.2846254311617633,
      0.2968168227582102,
      0.2926163628146659,
      0.29392787361265943,
      0.28817720999838575,
      0.287158269192828
    ],
    "n_seeds": 7,
    "split": "validation (held-out seeds)"
  },
  "test_split_comparison": {
    "mean": 0.29300927086170503,
    "per_seed": [
      0.29641986588890684,
      0.28626943614335826,
      0.29633851055285
    ]
  },
  "seed_agreement": {
    "mean": 0.9426851281951752
  },
  "output_controlled": {
    "mean": 0.15090585531404857,
    "per_seed": [
      0.1459655319973514,
      0.15243516993137649,
      0.1543168640134178
    ]
  },
  "baselines": {
    "ff_goodness": -0.0020431874231799526,
    "active_ratio": -0.01730579758543669,
    "act_entropy": -0.11899962964508656,
    "activation_norm": 0.003704772878403507,
    "random_head": 0.027300585424657926
  },
  "cross_domain": {
    "wikitext": 0.29240297957414013,
    "c4": 0.15172005595492052,
    "c4_within": 0.2358672098273482
  },
  "control_sensitivity": {
    "none": 0.5534653708710129,
    "softmax_only": 0.2946318651112979,
    "norm_only": 0.554416841965269,
    "standard": 0.29576668480244694,
    "plus_entropy": 0.20330934880315027,
    "nonlinear": 0.29404684147550314
  },
  "flagging_6a": {
    "n_tokens": 188811,
    "summary": {
      "0.05": {
        "observer_exclusive": 6376.666666666667
      },
      "0.1": {
        "observer_exclusive": 9922.333333333334
      },
      "0.2": {
        "observer_exclusive": 13814.333333333334
      },
      "0.3": {
        "observer_exclusive": 15081.333333333334
      }
    }
  }
}