{
  "model": "openai-community/gpt2",
  "n_params_b": 0.12,
  "n_layers": 12,
  "hidden_dim": 768,
  "provenance": {
    "model_revision": "607a30d783dfa663caf39e06633721c8d4cfcd7e",
    "script": "scripts/run_model.py",
    "timestamp": "2026-05-04T15:04:46+00:00",
    "value_source": "runtime",
    "device": "cuda"
  },
  "protocol": {
    "layer_select_seed": 42,
    "eval_seeds": [
      43,
      44,
      45,
      46,
      47,
      48,
      49
    ],
    "target_ex_per_dim": 350,
    "batch_size": 48,
    "layers_per_pass": 1
  },
  "peak_layer_final": 8,
  "peak_layer_frac": 0.67,
  "layer_profile": {
    "0": 0.1573070534698401,
    "1": 0.18190315905792712,
    "2": 0.20258742050163567,
    "3": 0.21563575348679195,
    "4": 0.22451798176440013,
    "5": 0.25291297045601324,
    "6": 0.26491857522133533,
    "7": 0.2795543459772147,
    "8": 0.291740252328903,
    "9": 0.2860384021434797,
    "10": 0.27322556682603016,
    "11": 0.25605176038818467
  },
  "multi_layer_eval": {
    "7": {
      "mean": 0.2748703602018503,
      "std": 0.0026012461121939605,
      "per_seed": [
        0.2736745510956046,
        0.2753490070417337,
        0.27647574703178546,
        0.27647100319259454,
        0.2779495918021132,
        0.2748776768612171,
        0.2692949443879034
      ],
      "seed_agreement": 0.950877307876584
    },
    "8": {
      "mean": 0.2881428148432712,
      "std": 0.0014291758020303564,
      "per_seed": [
        0.2888432167025977,
        0.28867297448868495,
        0.28874682708479793,
        0.28880983856957704,
        0.28918026223735915,
        0.2880130644182706,
        0.2847335204016112
      ],
      "seed_agreement": 0.9518192719916275
    },
    "9": {
      "mean": 0.280816596763284,
      "std": 0.002925214640626233,
      "per_seed": [
        0.2771983134104137,
        0.28157074663472315,
        0.28387945236089196,
        0.28209332732539866,
        0.284672911472917,
        0.27990303840821495,
        0.27639838773042874
      ],
      "seed_agreement": 0.9467958060745969
    }
  },
  "partial_corr": {
    "mean": 0.2881428148432712,
    "std": 0.0014291758020303564,
    "per_seed": [
      0.2888432167025977,
      0.28867297448868495,
      0.28874682708479793,
      0.28880983856957704,
      0.28918026223735915,
      0.2880130644182706,
      0.2847335204016112
    ],
    "n_seeds": 7,
    "split": "validation (held-out seeds)"
  },
  "test_split_comparison": {
    "mean": 0.2899925359357904,
    "per_seed": [
      0.29075776259716596,
      0.29077782803459384,
      0.2884420171756113
    ]
  },
  "seed_agreement": {
    "mean": 0.9518192719916275
  },
  "output_controlled": {
    "mean": 0.13998030190743627,
    "per_seed": [
      0.13375932319876044,
      0.14524807686202285,
      0.1409335056615255
    ]
  },
  "baselines": {
    "ff_goodness": -0.0001465550202626365,
    "active_ratio": -0.01934248073935816,
    "act_entropy": -0.11157005394942446,
    "activation_norm": -0.003211593990789416,
    "random_head": -0.00821546967675301
  },
  "cross_domain": {
    "wikitext": 0.2887543394253602,
    "c4": 0.15545994732122162,
    "c4_within": 0.22867072434070346
  },
  "control_sensitivity": {
    "none": 0.5143476926369399,
    "softmax_only": 0.288792806064962,
    "norm_only": 0.5140812856874318,
    "standard": 0.2888432167025977,
    "plus_entropy": 0.21101295173708864,
    "nonlinear": 0.3187450126171363
  },
  "flagging_6a": {
    "n_tokens": 188811,
    "summary": {
      "0.05": {
        "observer_exclusive": 6541.333333333333
      },
      "0.1": {
        "observer_exclusive": 10237.666666666666
      },
      "0.2": {
        "observer_exclusive": 14083.0
      },
      "0.3": {
        "observer_exclusive": 15586.666666666666
      }
    }
  }
}