{
  "model": "openai-community/gpt2-xl",
  "n_params_b": 1.56,
  "n_layers": 48,
  "hidden_dim": 1600,
  "provenance": {
    "model_revision": "15ea56dee5df4983c59b2538573817e1667135e2",
    "script": "scripts/run_model.py",
    "timestamp": "2026-05-01T11:25:15+00:00",
    "value_source": "runtime",
    "device": "cuda"
  },
  "protocol": {
    "layer_select_seed": 42,
    "eval_seeds": [
      43,
      44,
      45,
      46,
      47,
      48,
      49
    ],
    "target_ex_per_dim": 350,
    "batch_size": 48,
    "layers_per_pass": 1
  },
  "peak_layer_final": 36,
  "peak_layer_frac": 0.75,
  "layer_profile": {
    "0": 0.17880023403226225,
    "1": 0.19040985282435488,
    "2": 0.1945178181314267,
    "3": 0.20029582976621932,
    "4": 0.2055984531824216,
    "5": 0.20775108674067722,
    "6": 0.21167885057355054,
    "7": 0.2091290529690537,
    "8": 0.2118529929075581,
    "9": 0.21525633988374365,
    "10": 0.22031455287232207,
    "11": 0.22386932724639066,
    "12": 0.22888935426002696,
    "13": 0.2393819125349552,
    "14": 0.24193743117009184,
    "15": 0.243930164724646,
    "16": 0.25017282227208093,
    "17": 0.2579366594158316,
    "18": 0.26660359815932566,
    "19": 0.2691561242103525,
    "20": 0.2716211584164577,
    "21": 0.2734005686463632,
    "22": 0.27416057978170016,
    "23": 0.27835779072164185,
    "24": 0.2810240910082515,
    "25": 0.2856119411565502,
    "26": 0.2883727359834266,
    "27": 0.29055184115669586,
    "28": 0.2887614605423672,
    "29": 0.29655156887452794,
    "30": 0.2920634894525679,
    "31": 0.28397345397575124,
    "32": 0.2836187516341822,
    "33": 0.29648894602781933,
    "34": 0.3061054525443561,
    "35": 0.3052090429181406,
    "36": 0.31036706435132044,
    "37": 0.31489470200945613,
    "38": 0.302256410947744,
    "39": 0.31213733617828054,
    "40": 0.31214240865314047,
    "41": 0.298022346576033,
    "42": 0.29545710241299306,
    "43": 0.24660569673295876,
    "44": 0.26751051861453756,
    "45": 0.2690338702913958,
    "46": 0.29436157990745376,
    "47": 0.22578468964765727
  },
  "multi_layer_eval": {
    "36": {
      "mean": 0.2959883781424194,
      "std": 0.017140352948055736,
      "per_seed": [
        0.31243420213154477,
        0.29613711723651276,
        0.31076580784431646,
        0.3137795630755596,
        0.26643680051044877,
        0.27655052782797485,
        0.29581462837057876
      ],
      "seed_agreement": 0.8287921485823591
    },
    "37": {
      "mean": 0.29215604683868923,
      "std": 0.014755580801169179,
      "per_seed": [
        0.2924639567134376,
        0.3119143791066391,
        0.30114446745290313,
        0.3020380831131799,
        0.2706548183658409,
        0.27038349133376277,
        0.29649313178506126
      ],
      "seed_agreement": 0.7721564656433945
    }
  },
  "partial_corr": {
    "mean": 0.2959883781424194,
    "std": 0.017140352948055736,
    "per_seed": [
      0.31243420213154477,
      0.29613711723651276,
      0.31076580784431646,
      0.3137795630755596,
      0.26643680051044877,
      0.27655052782797485,
      0.29581462837057876
    ],
    "n_seeds": 7,
    "split": "validation (held-out seeds)"
  },
  "test_split_comparison": {
    "mean": 0.313267712818268,
    "per_seed": [
      0.3188948831271758,
      0.30371085202984416,
      0.3171974032977839
    ]
  },
  "seed_agreement": {
    "mean": 0.8287921485823591
  },
  "output_controlled": {
    "mean": 0.08380234543772169,
    "per_seed": [
      0.06788443973186035,
      0.09009634745671949,
      0.09342624912458522
    ]
  },
  "baselines": {
    "ff_goodness": -0.00013112851980135349,
    "active_ratio": -0.01922230504129833,
    "act_entropy": -0.10345786675139343,
    "activation_norm": 0.00028034715221771556,
    "random_head": 0.002363023893567408
  },
  "cross_domain": {
    "wikitext": 0.30644570907079133,
    "c4": 0.15539797475604925,
    "c4_within": 0.24057145671893884
  },
  "control_sensitivity": {
    "none": 0.5714829685126784,
    "softmax_only": 0.3008190896998285,
    "norm_only": 0.5850396738661202,
    "standard": 0.31243420213154477,
    "plus_entropy": 0.21777590830387697,
    "nonlinear": 0.3037535348300121
  },
  "flagging_6a": {
    "n_tokens": 188811,
    "summary": {
      "0.05": {
        "observer_exclusive": 6623.666666666667
      },
      "0.1": {
        "observer_exclusive": 9757.0
      },
      "0.2": {
        "observer_exclusive": 13642.333333333334
      },
      "0.3": {
        "observer_exclusive": 14778.0
      }
    }
  }
}