{
  "model": "openai-community/gpt2-medium",
  "n_params_b": 0.35,
  "n_layers": 24,
  "hidden_dim": 1024,
  "provenance": {
    "model_revision": "6dcaa7a952f72f9298047fd5137cd6e4f05f41da",
    "script": "scripts/run_model.py",
    "timestamp": "2026-05-04T15:47:59+00:00",
    "value_source": "runtime",
    "device": "cuda"
  },
  "protocol": {
    "layer_select_seed": 42,
    "eval_seeds": [
      43,
      44,
      45,
      46,
      47,
      48,
      49
    ],
    "target_ex_per_dim": 350,
    "batch_size": 48,
    "layers_per_pass": 1
  },
  "peak_layer_final": 17,
  "peak_layer_frac": 0.71,
  "layer_profile": {
    "0": 0.17992505097962933,
    "1": 0.19180978221306536,
    "2": 0.18795550115053636,
    "3": 0.1929886497008261,
    "4": 0.19476591420460077,
    "5": 0.20380600194747645,
    "6": 0.21510688869498665,
    "7": 0.23225223277414062,
    "8": 0.24132030047253916,
    "9": 0.24987152243875552,
    "10": 0.2532495292773939,
    "11": 0.25943254570112423,
    "12": 0.2620468023595697,
    "13": 0.26939701836232655,
    "14": 0.27745662631317924,
    "15": 0.28351318174284124,
    "16": 0.2866881976806212,
    "17": 0.28988415459249606,
    "18": 0.28307624007577575,
    "19": 0.273160345365084,
    "20": 0.270903149580656,
    "21": 0.26695636888302243,
    "22": 0.27082307774691583,
    "23": 0.2704008322296922
  },
  "multi_layer_eval": {
    "15": {
      "mean": 0.28341135761522235,
      "std": 0.0033886319594476654,
      "per_seed": [
        0.2812241690897889,
        0.28920587331845427,
        0.2787451385777402,
        0.2867609647769992,
        0.2805333560556214,
        0.2831707881364124,
        0.28423921335153995
      ],
      "seed_agreement": 0.9450436897285497
    },
    "16": {
      "mean": 0.28566982713360173,
      "std": 0.0035903904612265103,
      "per_seed": [
        0.2835924108317494,
        0.29261131212385505,
        0.28064184401501424,
        0.28825786170903944,
        0.28385486883118555,
        0.2842979357212783,
        0.28643255670309037
      ],
      "seed_agreement": 0.9415354908812791
    },
    "17": {
      "mean": 0.2896880428264228,
      "std": 0.0038552823698195923,
      "per_seed": [
        0.2869734108368866,
        0.2961556384540638,
        0.2831099637381068,
        0.29265261394779396,
        0.2891014195689106,
        0.288830080892689,
        0.29099317234650884
      ],
      "seed_agreement": 0.9401261544845128
    },
    "18": {
      "mean": 0.2878067168865611,
      "std": 0.004118327653170809,
      "per_seed": [
        0.28365155115470086,
        0.29441544222404736,
        0.28181019327724754,
        0.2924095674273028,
        0.287872434085361,
        0.2872700553493331,
        0.2872177746879353
      ],
      "seed_agreement": 0.9367153971663779
    }
  },
  "partial_corr": {
    "mean": 0.2896880428264228,
    "std": 0.0038552823698195923,
    "per_seed": [
      0.2869734108368866,
      0.2961556384540638,
      0.2831099637381068,
      0.29265261394779396,
      0.2891014195689106,
      0.288830080892689,
      0.29099317234650884
    ],
    "n_seeds": 7,
    "split": "validation (held-out seeds)"
  },
  "test_split_comparison": {
    "mean": 0.2872222744084298,
    "per_seed": [
      0.28598557240887457,
      0.2941918173013204,
      0.28148943351509437
    ]
  },
  "seed_agreement": {
    "mean": 0.9401261544845128
  },
  "output_controlled": {
    "mean": 0.12674798574888532,
    "per_seed": [
      0.11908581727267198,
      0.13225985602041956,
      0.12889828395356442
    ]
  },
  "baselines": {
    "ff_goodness": -0.007026998626801838,
    "active_ratio": -0.027626999136088858,
    "act_entropy": -0.13263833255246582,
    "activation_norm": -0.0034266474140812165,
    "random_head": -0.04743243325931661
  },
  "cross_domain": {
    "wikitext": 0.28874633767635244,
    "c4": 0.1537706684427006,
    "c4_within": 0.23725303938518597
  },
  "control_sensitivity": {
    "none": 0.5524835919357128,
    "softmax_only": 0.2839040394262423,
    "norm_only": 0.5552158174568641,
    "standard": 0.2869734108368866,
    "plus_entropy": 0.19345104492533702,
    "nonlinear": 0.28506374877412854
  },
  "flagging_6a": {
    "n_tokens": 188811,
    "summary": {
      "0.05": {
        "observer_exclusive": 6318.333333333333
      },
      "0.1": {
        "observer_exclusive": 9712.333333333334
      },
      "0.2": {
        "observer_exclusive": 13559.666666666666
      },
      "0.3": {
        "observer_exclusive": 14649.666666666666
      }
    }
  }
}