{
  "model": "openai-community/gpt2",
  "n_layers": 12,
  "hidden_dim": 768,
  "layer": 8,
  "provenance": {
    "model_revision": "607a30d783dfa663caf39e06633721c8d4cfcd7e",
    "script": "scripts/run_residualizer_split.py",
    "timestamp": "2026-05-05T01:26:52+00:00",
    "value_source": "runtime",
    "device": "cuda"
  },
  "protocol": {
    "ex_per_dim": 350,
    "batch_size": 48,
    "n_seeds": 7,
    "eval_seeds": [
      43,
      44,
      45,
      46,
      47,
      48,
      49
    ],
    "n_tokens_T": 268800,
    "n_tokens_R": 268800,
    "n_tokens_V": 188811,
    "n_docs_T": 12000,
    "n_docs_R": 12000,
    "n_docs_V": 1160
  },
  "residualizer_beta_main": [
    -4.958769343305255,
    0.000303405897975062,
    5.808083296898904
  ],
  "residualizer_beta_split": [
    -4.861448257401421,
    0.0003000807530211258,
    5.798012246918546
  ],
  "main": {
    "mean": 0.2881428148432712,
    "std": 0.0014291758020303564,
    "per_seed": [
      0.2888432167025977,
      0.28867297448868495,
      0.28874682708479793,
      0.28880983856957704,
      0.28918026223735915,
      0.2880130644182706,
      0.2847335204016112
    ],
    "pos_label_fraction": 0.37352306547619046
  },
  "split_fit": {
    "mean": 0.2882978102196057,
    "std": 0.0016651080612248151,
    "per_seed": [
      0.2890058242616608,
      0.2889660553063107,
      0.28929435962426303,
      0.2889680333099849,
      0.2895729712105772,
      0.287880626599532,
      0.2843968012249115
    ],
    "pos_label_fraction": 0.3730171130952381
  },
  "delta_rho": 0.00015499537633451022
}