{
  "model": "meta-llama/Llama-3.2-3B",
  "n_layers": 28,
  "hidden_dim": 3072,
  "layer": 0,
  "provenance": {
    "model_revision": "13afe5124825b4f3751f836b40dafda64c1ed062",
    "script": "scripts/run_residualizer_split.py",
    "timestamp": "2026-05-05T02:33:44+00:00",
    "value_source": "runtime",
    "device": "cuda"
  },
  "protocol": {
    "ex_per_dim": 350,
    "batch_size": 48,
    "n_seeds": 7,
    "eval_seeds": [
      43,
      44,
      45,
      46,
      47,
      48,
      49
    ],
    "n_tokens_T": 1075200,
    "n_tokens_R": 1075200,
    "n_tokens_V": 191116,
    "n_docs_T": 12000,
    "n_docs_R": 12000,
    "n_docs_V": 1160
  },
  "residualizer_beta_main": [
    -5.110726443581681,
    0.6022817650935535,
    3.8251173151723825
  ],
  "residualizer_beta_split": [
    -5.101242755209783,
    0.6019746655369818,
    3.8221042166873302
  ],
  "main": {
    "mean": 0.09037015779805893,
    "std": 0.0057398768343457736,
    "per_seed": [
      0.08897652622029982,
      0.10175120118746517,
      0.09349702035771125,
      0.08438878040843206,
      0.08705241810625658,
      0.0926645840750783,
      0.08426057423116934
    ],
    "pos_label_fraction": 0.3313076636904762
  },
  "split_fit": {
    "mean": 0.09303163894800308,
    "std": 0.005744941301242333,
    "per_seed": [
      0.09177860283008304,
      0.10434603212808667,
      0.09610587279535429,
      0.08711677555622893,
      0.08959410380968658,
      0.0955009726206099,
      0.08677911289597218
    ],
    "pos_label_fraction": 0.32981863839285713
  },
  "delta_rho": 0.0026614811499441476
}