{
  "model": "EleutherAI/pythia-1b",
  "n_layers": 16,
  "hidden_dim": 2048,
  "layer": 10,
  "provenance": {
    "model_revision": "f73d7dcc545c8bd326d8559c8ef84ffe92fea6b2",
    "script": "scripts/run_residualizer_split.py",
    "timestamp": "2026-05-05T02:11:50+00:00",
    "value_source": "runtime",
    "device": "cuda"
  },
  "protocol": {
    "ex_per_dim": 350,
    "batch_size": 48,
    "n_seeds": 7,
    "eval_seeds": [
      43,
      44,
      45,
      46,
      47,
      48,
      49
    ],
    "n_tokens_T": 716800,
    "n_tokens_R": 716800,
    "n_tokens_V": 189299,
    "n_docs_T": 12000,
    "n_docs_R": 12000,
    "n_docs_V": 1160
  },
  "residualizer_beta_main": [
    -5.423203914848904,
    0.002037233760015078,
    5.304283696392674
  ],
  "residualizer_beta_split": [
    -5.4073244730605605,
    0.0020229486080530767,
    5.304704012067992
  ],
  "main": {
    "mean": 0.24637686038642295,
    "std": 0.012304321428026382,
    "per_seed": [
      0.23542944344528866,
      0.2543537051490437,
      0.24043167302559998,
      0.25978256076724204,
      0.22399535512195523,
      0.2549659785617108,
      0.2556793066341204
    ],
    "pos_label_fraction": 0.3314271763392857
  },
  "split_fit": {
    "mean": 0.2632715845706986,
    "std": 0.011536321408206998,
    "per_seed": [
      0.25300236208121163,
      0.26963533577997006,
      0.26113898011322845,
      0.27586304787207416,
      0.2409501904260809,
      0.271147865402747,
      0.2711633103195777
    ],
    "pos_label_fraction": 0.32484375
  },
  "delta_rho": 0.01689472418427565
}