{
  "model": "EleutherAI/pythia-1b",
  "experiment": "checkpoint_dynamics",
  "n_layers": 16,
  "hidden_dim": 2048,
  "heads": 8,
  "architecture_class": "16L_8H",
  "expected_status": "healthy",
  "protocol": {
    "layer_select_seed": 42,
    "eval_seeds": [
      43,
      44,
      45,
      46,
      47,
      48,
      49
    ],
    "oc_seeds": [
      43,
      44,
      45
    ],
    "target_ex_per_dim": 350,
    "batch_size": 48,
    "layers_per_pass": 4,
    "n_checkpoints": 10,
    "tokens_per_step": 2097152
  },
  "checkpoints": {
    "step256": {
      "step": 256,
      "tokens_seen": 536870912,
      "revision": "249270db5ae35b5a731beb20726c72a8051a5b5a",
      "layer_profile": {
        "0": 0.28099527391788187,
        "1": 0.2935841545331925,
        "2": 0.2990420105837272,
        "3": 0.30615431589635406,
        "4": 0.31007005307750035,
        "5": 0.3084601631293034,
        "6": 0.31071117367732787,
        "7": 0.3117702304194788,
        "8": 0.3138698900373735,
        "9": 0.3142540916321222,
        "10": 0.31661437781861257,
        "11": 0.3168922211751318,
        "12": 0.31753971638770817,
        "13": 0.31591222515824596,
        "14": 0.3143452167776388,
        "15": 0.3128624787631783
      },
      "peak_layer": 12,
      "peak_layer_frac": 0.75,
      "partial_corr": {
        "mean": 0.3152311517434781,
        "std": 0.001436015428682051,
        "per_seed": [
          0.31400969666515055,
          0.3167654489786142,
          0.3135963732757387,
          0.3170399780941947,
          0.3149967582237515,
          0.3135953024282472,
          0.3166145045386498
        ],
        "seed_agreement": 0.9794601325369954
      },
      "output_controlled": {
        "mean": 0.0791167111859752,
        "per_seed": [
          0.07473292795538594,
          0.06459657797542835,
          0.09802062762711135
        ]
      },
      "mean_loss": 7.261840343475342,
      "perplexity": 1424.8763877126548,
      "timing": {
        "load_s": 13.1,
        "sweep_s": 1565.4,
        "eval_s": 1175.3
      }
    },
    "step1000": {
      "step": 1000,
      "tokens_seen": 2097152000,
      "revision": "f725b7d1f691917d835b064b18941c669b1670d4",
      "layer_profile": {
        "0": 0.19385262452194285,
        "1": 0.21308583603657955,
        "2": 0.22352858945597998,
        "3": 0.23429585232358524,
        "4": 0.2696834253891676,
        "5": 0.2762297456081328,
        "6": 0.2809776174246886,
        "7": 0.2884096889612983,
        "8": 0.29335854758247615,
        "9": 0.29699059618767815,
        "10": 0.30062126353986673,
        "11": 0.3005137724592041,
        "12": 0.30196716818824354,
        "13": 0.3023442386549665,
        "14": 0.30244249217023167,
        "15": 0.3005883894078916
      },
      "peak_layer": 12,
      "peak_layer_frac": 0.75,
      "partial_corr": {
        "mean": 0.30290098868544707,
        "std": 0.0026948624276096817,
        "per_seed": [
          0.297176737732214,
          0.30369157025461924,
          0.3031992982183517,
          0.30559729231303534,
          0.3013213738051944,
          0.3038239128059498,
          0.3054967356687648
        ],
        "seed_agreement": 0.970081591577783
      },
      "output_controlled": {
        "mean": 0.09896765698791665,
        "per_seed": [
          0.09612327892831882,
          0.1020087236499297,
          0.09877096838550142
        ]
      },
      "mean_loss": 4.937628269195557,
      "perplexity": 139.43914495428143,
      "timing": {
        "load_s": 13.1,
        "sweep_s": 1588.1,
        "eval_s": 1284.3
      }
    },
    "step2000": {
      "step": 2000,
      "tokens_seen": 4194304000,
      "revision": "157d8af5e95d55582cd06dc66d1e6eceb1b48802",
      "layer_profile": {
        "0": 0.18565671931689212,
        "1": 0.20883784015603177,
        "2": 0.21605616496794858,
        "3": 0.21855644017043602,
        "4": 0.24466848811923575,
        "5": 0.25691763261709255,
        "6": 0.2644682068066182,
        "7": 0.2729071186818593,
        "8": 0.27951360927429464,
        "9": 0.2865243565249399,
        "10": 0.2884168242513727,
        "11": 0.28579946712004084,
        "12": 0.28475880997449105,
        "13": 0.2840366878827507,
        "14": 0.278485986865545,
        "15": 0.27614466961977713
      },
      "peak_layer": 10,
      "peak_layer_frac": 0.62,
      "partial_corr": {
        "mean": 0.2877633029064875,
        "std": 0.0013995781330124492,
        "per_seed": [
          0.2871248828078211,
          0.2859696708405013,
          0.2858890385155157,
          0.28877117372386374,
          0.28786257295370243,
          0.28889859087195563,
          0.28982719063205226
        ],
        "seed_agreement": 0.9683450245233123
      },
      "output_controlled": {
        "mean": 0.1192750856364187,
        "per_seed": [
          0.11630707501189799,
          0.12726928573327287,
          0.11424889616408523
        ]
      },
      "mean_loss": 4.136244297027588,
      "perplexity": 62.567395078499146,
      "timing": {
        "load_s": 12.4,
        "sweep_s": 1699.0,
        "eval_s": 1257.5
      }
    },
    "step4000": {
      "step": 4000,
      "tokens_seen": 8388608000,
      "revision": "1a68abc004aba6efc215068bf6dac4f6027b4ac3",
      "layer_profile": {
        "0": 0.1394695062470128,
        "1": 0.13437607201787918,
        "2": 0.1395235951597777,
        "3": 0.15053996190480085,
        "4": 0.18720947600236762,
        "5": 0.2158420253007561,
        "6": 0.2220648396063243,
        "7": 0.23105905852741207,
        "8": 0.23530998867520353,
        "9": 0.22410249636569282,
        "10": 0.22479340937167971,
        "11": 0.20276593752924466,
        "12": 0.1910766102471189,
        "13": 0.1599760485860554,
        "14": 0.13447673085367928,
        "15": 0.13321712552000625
      },
      "peak_layer": 8,
      "peak_layer_frac": 0.5,
      "partial_corr": {
        "mean": 0.2259339801400567,
        "std": 0.006206027872799772,
        "per_seed": [
          0.21940754085205721,
          0.2373370201979137,
          0.2273638270590131,
          0.22444267308750754,
          0.21681517591822524,
          0.22847177298213736,
          0.2276998508835428
        ],
        "seed_agreement": 0.9513122800112692
      },
      "output_controlled": {
        "mean": 0.09679226202751694,
        "per_seed": [
          0.08713636212476988,
          0.10631261328321537,
          0.09692781067456555
        ]
      },
      "mean_loss": 3.71460223197937,
      "perplexity": 41.04225853918017,
      "timing": {
        "load_s": 12.9,
        "sweep_s": 1578.8,
        "eval_s": 1204.5
      }
    },
    "step8000": {
      "step": 8000,
      "tokens_seen": 16777216000,
      "revision": "31d29dfecf5548b01dd95242d836dc9d1c290f9b",
      "layer_profile": {
        "0": 0.1462833710080625,
        "1": 0.14881000250599916,
        "2": 0.15126238498473343,
        "3": 0.17811377127327802,
        "4": 0.17976779074625263,
        "5": 0.1974502960026289,
        "6": 0.20466871879656176,
        "7": 0.2082458884443114,
        "8": 0.2141456629413511,
        "9": 0.21722583685368818,
        "10": 0.22268102995503983,
        "11": 0.21835681989947514,
        "12": 0.21160749360215278,
        "13": 0.20754162441756138,
        "14": 0.1856568488776558,
        "15": 0.16913679427874745
      },
      "peak_layer": 10,
      "peak_layer_frac": 0.62,
      "partial_corr": {
        "mean": 0.24234528090724328,
        "std": 0.012842906689495013,
        "per_seed": [
          0.23065555942204963,
          0.23559498012578578,
          0.2226774352385009,
          0.26411465276188123,
          0.25159428650604393,
          0.24519671157477527,
          0.24658334072166627
        ],
        "seed_agreement": 0.9386201403974913
      },
      "output_controlled": {
        "mean": 0.09365952048139724,