{
  "model": "Qwen/Qwen2.5-32B",
  "n_params_b": 32.76,
  "n_layers": 64,
  "hidden_dim": 5120,
  "provenance": {
    "model_revision": "1818d35814b8319459f4bd55ed1ac8709630f003",
    "script": "scripts/run_model.py",
    "timestamp": "2026-05-02T09:56:31+00:00",
    "value_source": "runtime",
    "device": "cuda"
  },
  "protocol": {
    "layer_select_seed": 42,
    "eval_seeds": [
      43,
      44,
      45,
      46,
      47,
      48,
      49
    ],
    "target_ex_per_dim": 350,
    "batch_size": 48,
    "layers_per_pass": 1
  },
  "peak_layer_final": 44,
  "peak_layer_frac": 0.69,
  "layer_profile": {
    "0": 0.087483384743809,
    "1": 0.08332558521479339,
    "2": 0.08308528006434694,
    "3": 0.07734555326179038,
    "4": 0.18252208195866917,
    "5": 0.1764944474479822,
    "6": 0.1890837978901493,
    "7": 0.18501513462780034,
    "8": 0.17681592888034892,
    "9": 0.1910133204563958,
    "10": 0.18388071630359185,
    "11": 0.1858029182779002,
    "12": 0.19631067570139943,
    "13": 0.19157549941605145,
    "14": 0.19694581756893972,
    "15": 0.197726934999224,
    "16": 0.1892556872683311,
    "17": 0.20013152296809733,
    "18": 0.1944597590838382,
    "19": 0.20080928073524035,
    "20": 0.19539141695474563,
    "21": 0.19755654697242847,
    "22": 0.19790651496598197,
    "23": 0.20025943989163156,
    "24": 0.20675159882437905,
    "25": 0.19712117666983306,
    "26": 0.19264524400273028,
    "27": 0.20443260090419865,
    "28": 0.21576838077107496,
    "29": 0.21632687690440533,
    "30": 0.21615757885312284,
    "31": 0.20952164022232336,
    "32": 0.20809393502753712,
    "33": 0.22459394455945586,
    "34": 0.22572868138485389,
    "35": 0.22865597470532478,
    "36": 0.22784792243396515,
    "37": 0.22336714721645676,
    "38": 0.22076412253814734,
    "39": 0.22321093764865182,
    "40": 0.22450939620396373,
    "41": 0.23663824196787656,
    "42": 0.23760623017644308,
    "43": 0.2237328687563429,
    "44": 0.2431450408171067,
    "45": 0.22490638637231242,
    "46": 0.23635886461715494,
    "47": 0.23826319864566267,
    "48": 0.23382258118407448,
    "49": 0.22472336267187706,
    "50": 0.21493852022325308,
    "51": 0.2102145029230527,
    "52": 0.2017486199029393,
    "53": 0.20996850264115507,
    "54": 0.19085623614524766,
    "55": 0.18861877288955128,
    "56": 0.20130116332674058,
    "57": 0.19049115434173033,
    "58": 0.19578472426895438,
    "59": 0.1919416993848185,
    "60": 0.2007112429639268,
    "61": 0.1618854443018947,
    "62": 0.08690982304482629,
    "63": 0.10729612874893943
  },
  "multi_layer_eval": {
    "41": {
      "mean": 0.22720217665698392,
      "std": 0.005208078058816505,
      "per_seed": [
        0.22766260611939015,
        0.22007876465457238,
        0.2329318067664759,
        0.2301661316959248,
        0.21951027958100938,
        0.23335768830943254,
        0.22670795947208222
      ],
      "seed_agreement": 0.8706951196985185
    },
    "42": {
      "mean": 0.22628497091365857,
      "std": 0.006861970285852763,
      "per_seed": [
        0.21875236452016875,
        0.23710747111791014,
        0.21941212596690887,
        0.2241603960648974,
        0.22245620929798737,
        0.23573607113148362,
        0.22637015829625398
      ],
      "seed_agreement": 0.8701012091459475
    },
    "44": {
      "mean": 0.2371022177301351,
      "std": 0.0038726988018359452,
      "per_seed": [
        0.23968735159644683,
        0.24038899448755052,
        0.23002018668026616,
        0.2334330108221341,
        0.24032778701748952,
        0.2403896612535109,
        0.2354685322535475
      ],
      "seed_agreement": 0.870844083707848
    },
    "47": {
      "mean": 0.22553508729335828,
      "std": 0.005968274005943635,
      "per_seed": [
        0.2204962405811693,
        0.23492063190703988,
        0.21848366340114864,
        0.22935308076753458,
        0.23204681032607533,
        0.22193614328043898,
        0.22150904079010117
      ],
      "seed_agreement": 0.8415383168713568
    }
  },
  "partial_corr": {
    "mean": 0.2371022177301351,
    "std": 0.0038726988018359452,
    "per_seed": [
      0.23968735159644683,
      0.24038899448755052,
      0.23002018668026616,
      0.2334330108221341,
      0.24032778701748952,
      0.2403896612535109,
      0.2354685322535475
    ],
    "n_seeds": 7,
    "split": "validation (held-out seeds)"
  },
  "test_split_comparison": {
    "mean": 0.23363084070121412,
    "per_seed": [
      0.23912297582571665,
      0.23593545520549306,
      0.2258340910724327
    ]
  },
  "seed_agreement": {
    "mean": 0.870844083707848
  },
  "output_controlled": {
    "mean": 0.10271869341248861,
    "per_seed": [
      0.10364351113128822,
      0.10283936631963497,
      0.10167320278654261
    ]
  },
  "baselines": {
    "ff_goodness": -0.00016447154926699326,
    "active_ratio": 0.028909721205298528,
    "act_entropy": 0.02524033576860998,
    "activation_norm": 0.007474661662199433,
    "random_head": -0.019062154346736936
  },
  "cross_domain": {
    "wikitext": 0.23669884425475451,
    "c4": 0.18278176778948488,
    "c4_within": -0.04392153302291405
  },
  "control_sensitivity": {
    "none": 0.6758157020782967,
    "softmax_only": 0.2397477192888379,
    "norm_only": 0.6758409522386891,
    "standard": 0.23968735159644683,
    "plus_entropy": 0.09915796422851408,
    "nonlinear": 0.23804892557866178
  },
  "flagging_6a": {
    "n_tokens": 193347,
    "summary": {
      "0.05": {
        "observer_exclusive": 6467.0
      },
      "0.1": {
        "observer_exclusive": 10497.333333333334
      },
      "0.2": {
        "observer_exclusive": 13759.333333333334
      },
      "0.3": {
        "observer_exclusive": 11530.333333333334
      }
    }
  }
}