{
  "5a": {
    "layer": 11,
    "partial_corrs": [
      0.28373881622468533,
      0.28174266712869755,
      0.28195566112140746
    ],
    "seed_agreement": [
      0.9893661700048729,
      0.9901596655454699,
      0.993756152390181
    ],
    "mean_partial_corr": 0.28247904815826347,
    "mean_seed_agreement": 0.9910939959801747
  },
  "5e": {
    "standard": {
      "mean": 0.2896393730913998,
      "per_seed": [
        0.29428733645837063,
        0.28744961972859884,
        0.28718116308722996
      ]
    },
    "output_controlled": {
      "mean": 0.09909691633416744,
      "per_seed": [
        0.11100302826172592,
        0.09275364403631886,
        0.09353407670445751
      ]
    }
  }
}